{"cameraMode":{"drawMode":0,"name":"Shaded","section":"Shading Mode"},"sceneLighting":false,"audioPlay":false,"sceneViewState":{"showFog":true,"showMaterialUpdate":false,"showSkybox":true,"showFlares":true,"showImageEffects":true,"showParticleSystems":true},"in2DMode":false,"pivot":{"x":4.7117472945501506e-7,"y":-0.3118177354335785,"z":2.657003879547119},"rotation":{"x":-0.20274457335472108,"y":0.6838349103927612,"z":-0.2070477306842804,"w":-0.6696236729621887},"size":22.0,"orthographic":true}