{"cameraMode":{"drawMode":0,"name":"Shaded","section":"Shading Mode"},"sceneLighting":true,"audioPlay":false,"sceneViewState":{"showFog":true,"showMaterialUpdate":false,"showSkybox":true,"showFlares":true,"showImageEffects":true,"showParticleSystems":true},"in2DMode":false,"pivot":{"x":5.48681640625,"y":0.9580078125,"z":9.563720703125},"rotation":{"x":0.02865826152265072,"y":-0.9675880074501038,"z":0.2153555005788803,"w":0.12874093651771546},"size":3.682126045227051,"orthographic":true}