{"cameraMode":{"drawMode":0,"name":"Shaded","section":"Shading Mode"},"sceneLighting":true,"audioPlay":false,"sceneViewState":{"showFog":true,"showMaterialUpdate":false,"showSkybox":true,"showFlares":true,"showImageEffects":true,"showParticleSystems":true},"in2DMode":false,"pivot":{"x":2.5185546875,"y":1.9384765625,"z":3.049560546875},"rotation":{"x":0.5317761301994324,"y":0.05227722227573395,"z":-0.032915227115154269,"w":0.8446288704872131},"size":6.6755242347717289,"orthographic":true}