{"cameraMode":{"drawMode":0,"name":"Shaded","section":"Shading Mode"},"sceneLighting":false,"audioPlay":false,"sceneViewState":{"showFog":true,"showMaterialUpdate":false,"showSkybox":true,"showFlares":true,"showImageEffects":true,"showParticleSystems":true},"in2DMode":false,"pivot":{"x":0.5576171875,"y":1.5753173828125,"z":1.9505615234375},"rotation":{"x":0.010549585334956646,"y":0.6804699897766113,"z":-0.009797589853405953,"w":0.7326346039772034},"size":6.925970077514648,"orthographic":true}