{"cameraMode":{"drawMode":0,"name":"Shaded","section":"Shading Mode"},"sceneLighting":true,"audioPlay":false,"sceneViewState":{"showFog":true,"showMaterialUpdate":false,"showSkybox":true,"showFlares":true,"showImageEffects":true,"showParticleSystems":true},"in2DMode":false,"pivot":{"x":4.174934387207031,"y":1.31884765625,"z":-3.84033203125},"rotation":{"x":0.3986433446407318,"y":-0.09711524099111557,"z":0.0424933098256588,"w":0.9109591245651245},"size":3.910048007965088,"orthographic":true}