{"cameraMode":{"drawMode":0,"name":"Shaded","section":"Shading Mode"},"sceneLighting":false,"audioPlay":false,"sceneViewState":{"showFog":true,"showMaterialUpdate":false,"showSkybox":true,"showFlares":true,"showImageEffects":true,"showParticleSystems":true},"in2DMode":false,"pivot":{"x":3.0,"y":0.6999999284744263,"z":-1.1920928955078126e-7},"rotation":{"x":0.2768145203590393,"y":-0.3944404125213623,"z":0.12591351568698884,"w":0.8671426177024841},"size":3.4067022800445558,"orthographic":true}