{"cameraMode":{"drawMode":0,"name":"Shaded","section":"Shading Mode"},"sceneLighting":false,"audioPlay":false,"sceneViewState":{"showFog":true,"showMaterialUpdate":false,"showSkybox":true,"showFlares":true,"showImageEffects":true,"showParticleSystems":true},"in2DMode":false,"pivot":{"x":0.5361328125,"y":1.3778076171875,"z":1.69091796875},"rotation":{"x":-0.07574252784252167,"y":0.6764598488807678,"z":-0.07026463001966477,"w":-0.7291969060897827},"size":5.501707077026367,"orthographic":true}