{"cameraMode":{"drawMode":0,"name":"Shaded","section":"Shading Mode"},"sceneLighting":true,"audioPlay":false,"sceneViewState":{"showFog":true,"showMaterialUpdate":false,"showSkybox":true,"showFlares":true,"showImageEffects":true,"showParticleSystems":true},"in2DMode":false,"pivot":{"x":4.1005859375,"y":0.896484375,"z":1.298095703125},"rotation":{"x":0.24238519370555879,"y":-0.6770813465118408,"z":0.25369396805763247,"w":0.6468769311904907},"size":13.363563537597657,"orthographic":true}