{"cameraMode":{"drawMode":0,"name":"Shaded","section":"Shading Mode"},"sceneLighting":true,"audioPlay":false,"sceneViewState":{"showFog":true,"showMaterialUpdate":false,"showSkybox":true,"showFlares":true,"showImageEffects":true,"showParticleSystems":true},"in2DMode":false,"pivot":{"x":4.0576324462890629,"y":0.95233154296875,"z":-3.751953125},"rotation":{"x":-0.08389932662248612,"y":0.007159835193306208,"z":-0.0006059749866835773,"w":-0.9964483976364136},"size":2.0918045043945314,"orthographic":true}