{"cameraMode":{"drawMode":0,"name":"Shaded","section":"Shading Mode"},"sceneLighting":true,"audioPlay":false,"sceneViewState":{"showFog":true,"showMaterialUpdate":false,"showSkybox":true,"showFlares":true,"showImageEffects":true,"showParticleSystems":true},"in2DMode":false,"pivot":{"x":3.98828125,"y":1.019775390625,"z":0.01025390625},"rotation":{"x":0.15773546695709229,"y":-0.0014818779891356826,"z":0.0002364812244195491,"w":0.9874803423881531},"size":13.21561336517334,"orthographic":true}