{"cameraMode":{"drawMode":0,"name":"Shaded","section":"Shading Mode"},"sceneLighting":true,"audioPlay":false,"sceneViewState":{"showFog":true,"showMaterialUpdate":false,"showSkybox":true,"showFlares":true,"showImageEffects":true,"showParticleSystems":true},"in2DMode":false,"pivot":{"x":4.8946533203125,"y":13.34814453125,"z":6.46484375},"rotation":{"x":0.31634923815727236,"y":-0.009961447678506375,"z":0.003321524942293763,"w":0.9485847353935242},"size":25.39204978942871,"orthographic":true}