{"cameraMode":{"drawMode":0,"name":"Shaded","section":"Shading Mode"},"sceneLighting":true,"audioPlay":false,"sceneViewState":{"showFog":true,"showMaterialUpdate":false,"showSkybox":true,"showFlares":true,"showImageEffects":true,"showParticleSystems":true},"in2DMode":false,"pivot":{"x":3.3773193359375,"y":0.33154296875,"z":-0.3984375},"rotation":{"x":0.12904314696788789,"y":0.4133608043193817,"z":-0.05930718779563904,"w":0.8994239568710327},"size":3.9104793071746828,"orthographic":true}