{"cameraMode":{"drawMode":0,"name":"Shaded","section":"Shading Mode"},"sceneLighting":true,"audioPlay":false,"sceneViewState":{"showFog":true,"showMaterialUpdate":false,"showSkybox":true,"showFlares":true,"showImageEffects":true,"showParticleSystems":true},"in2DMode":false,"pivot":{"x":4.209270477294922,"y":1.7340087890625,"z":0.2333984375},"rotation":{"x":0.2729948163032532,"y":0.15953494608402253,"z":-0.045962896198034289,"w":0.9475810527801514},"size":20.84208869934082,"orthographic":true}