{"cameraMode":{"drawMode":0,"name":"Shaded","section":"Shading Mode"},"sceneLighting":true,"audioPlay":false,"sceneViewState":{"showFog":true,"showMaterialUpdate":false,"showSkybox":true,"showFlares":true,"showImageEffects":true,"showParticleSystems":true},"in2DMode":false,"pivot":{"x":3.92431640625,"y":4.033203125,"z":1.4343738555908204},"rotation":{"x":0.40435153245925906,"y":0.5795437693595886,"z":-0.4029039442539215,"w":0.5816333889961243},"size":9.939759254455567,"orthographic":true}