{"cameraMode":{"drawMode":0,"name":"Shaded","section":"Shading Mode"},"sceneLighting":true,"audioPlay":false,"sceneViewState":{"showFog":true,"showMaterialUpdate":false,"showSkybox":true,"showFlares":true,"showImageEffects":true,"showParticleSystems":true},"in2DMode":false,"pivot":{"x":4.49365234375,"y":6.9912109375,"z":6.296600341796875},"rotation":{"x":-0.3623458743095398,"y":-0.6256040930747986,"z":0.4049759805202484,"w":-0.5597494840621948},"size":5.819732189178467,"orthographic":true}