{"cameraMode":{"drawMode":0,"name":"Shaded","section":"Shading Mode"},"sceneLighting":true,"audioPlay":false,"sceneViewState":{"showFog":true,"showMaterialUpdate":false,"showSkybox":true,"showFlares":true,"showImageEffects":true,"showParticleSystems":true},"in2DMode":false,"pivot":{"x":2.6102294921875,"y":1.90087890625,"z":1.71142578125},"rotation":{"x":-0.33059579133987429,"y":0.12183637171983719,"z":-0.04308348149061203,"w":-0.9348829388618469},"size":3.832603931427002,"orthographic":true}