{"cameraMode":{"drawMode":0,"name":"Shaded","section":"Shading Mode"},"sceneLighting":false,"audioPlay":false,"sceneViewState":{"showFog":true,"showMaterialUpdate":false,"showSkybox":true,"showFlares":true,"showImageEffects":true,"showParticleSystems":true},"in2DMode":false,"pivot":{"x":0.5361328125,"y":1.3778076171875,"z":1.69091796875},"rotation":{"x":-0.07574252039194107,"y":0.676459789276123,"z":-0.07026462256908417,"w":-0.7291968464851379},"size":5.501707077026367,"orthographic":true}