{"cameraMode":{"drawMode":0,"name":"Shaded","section":"Shading Mode"},"sceneLighting":true,"audioPlay":false,"sceneViewState":{"showFog":true,"showMaterialUpdate":false,"showSkybox":true,"showFlares":true,"showImageEffects":true,"showParticleSystems":true},"in2DMode":false,"pivot":{"x":4.5960693359375,"y":2.073317527770996,"z":12.254684448242188},"rotation":{"x":0.34447798132896426,"y":-0.5211480855941773,"z":0.24178875982761384,"w":0.7424808144569397},"size":4.218465805053711,"orthographic":true}