{"cameraMode":{"drawMode":0,"name":"Shaded","section":"Shading Mode"},"sceneLighting":true,"audioPlay":false,"sceneViewState":{"showFog":true,"showMaterialUpdate":false,"showSkybox":true,"showFlares":true,"showImageEffects":true,"showParticleSystems":true},"in2DMode":false,"pivot":{"x":0.22998046875,"y":5.1611328125,"z":2.54296875},"rotation":{"x":0.22124966979026795,"y":-0.0581858865916729,"z":0.013223680667579174,"w":0.9733900427818298},"size":23.699033737182618,"orthographic":true}