{"cameraMode":{"drawMode":0,"name":"Shaded","section":"Shading Mode"},"sceneLighting":true,"audioPlay":false,"sceneViewState":{"showFog":true,"showMaterialUpdate":false,"showSkybox":true,"showFlares":true,"showImageEffects":true,"showParticleSystems":true},"in2DMode":false,"pivot":{"x":3.766357421875,"y":1.7381591796875,"z":-1.000732421875},"rotation":{"x":-0.0013113159220665694,"y":0.9986792802810669,"z":-0.03446822240948677,"w":-0.038078926503658298},"size":1.0496464967727662,"orthographic":true}