{"cameraMode":{"drawMode":0,"name":"Shaded","section":"Shading Mode"},"sceneLighting":true,"audioPlay":false,"sceneViewState":{"showFog":true,"showMaterialUpdate":false,"showSkybox":true,"showFlares":true,"showImageEffects":true,"showParticleSystems":true},"in2DMode":false,"pivot":{"x":4.010000228881836,"y":-4.369999885559082,"z":-3.8564453125},"rotation":{"x":-0.06681667268276215,"y":-0.9062862396240234,"z":0.15650144219398499,"w":-0.3868955373764038},"size":40.010372161865237,"orthographic":true}