{"cameraMode":{"drawMode":0,"name":"Shaded","section":"Shading Mode"},"sceneLighting":true,"audioPlay":false,"sceneViewState":{"showFog":true,"showMaterialUpdate":false,"showSkybox":true,"showFlares":true,"showImageEffects":true,"showParticleSystems":true},"in2DMode":false,"pivot":{"x":4.010000228881836,"y":-4.369999885559082,"z":-3.8564453125},"rotation":{"x":-0.2837599515914917,"y":-0.4807760715484619,"z":0.16790306568145753,"w":-0.8124919533729553},"size":13.163078308105469,"orthographic":true}