{"cameraMode":{"drawMode":0,"name":"Shaded","section":"Shading Mode"},"sceneLighting":true,"audioPlay":false,"sceneViewState":{"showFog":true,"showMaterialUpdate":false,"showSkybox":true,"showFlares":true,"showImageEffects":true,"showParticleSystems":true},"in2DMode":false,"pivot":{"x":3.01220703125,"y":2.8447265625,"z":0.423828125},"rotation":{"x":0.20082180202007295,"y":0.10556814074516297,"z":-0.02177349478006363,"w":0.9736795425415039},"size":12.521653175354004,"orthographic":true}