{"cameraMode":{"drawMode":0,"name":"Shaded","section":"Shading Mode"},"sceneLighting":true,"audioPlay":false,"sceneViewState":{"showFog":true,"showMaterialUpdate":false,"showSkybox":true,"showFlares":true,"showImageEffects":true,"showParticleSystems":true},"in2DMode":false,"pivot":{"x":3.83367919921875,"y":1.470458984375,"z":0.1842041015625},"rotation":{"x":0.2659469544887543,"y":0.15845052897930146,"z":-0.04436562955379486,"w":0.9498407244682312},"size":2.4473254680633547,"orthographic":true}