{"cameraMode":{"drawMode":0,"name":"Shaded","section":"Shading Mode"},"sceneLighting":true,"audioPlay":false,"sceneViewState":{"showFog":true,"showMaterialUpdate":false,"showSkybox":true,"showFlares":true,"showImageEffects":true,"showParticleSystems":true},"in2DMode":false,"pivot":{"x":0.3857421875,"y":-2.01953125,"z":187.741455078125},"rotation":{"x":0.31764712929725649,"y":0.028440911322832109,"z":-0.009531938470900059,"w":0.9477344751358032},"size":26.340072631835939,"orthographic":true}