{"cameraMode":{"drawMode":0,"name":"Shaded","section":"Shading Mode"},"sceneLighting":false,"audioPlay":false,"sceneViewState":{"showFog":true,"showMaterialUpdate":false,"showSkybox":true,"showFlares":true,"showImageEffects":true,"showParticleSystems":true},"in2DMode":false,"pivot":{"x":0.5576171875,"y":1.5753173828125,"z":1.9505615234375},"rotation":{"x":0.12372824549674988,"y":0.5833792090415955,"z":-0.09049589186906815,"w":0.7976030111312866},"size":6.925970077514648,"orthographic":true}