{"cameraMode":{"drawMode":0,"name":"Shaded","section":"Shading Mode"},"sceneLighting":true,"audioPlay":false,"sceneViewState":{"showFog":true,"showMaterialUpdate":false,"showSkybox":true,"showFlares":true,"showImageEffects":true,"showParticleSystems":true},"in2DMode":false,"pivot":{"x":7.37689208984375,"y":9.03515625,"z":17.1473388671875},"rotation":{"x":0.38277727365493777,"y":0.32940229773521426,"z":-0.14829133450984956,"w":0.850285530090332},"size":43.370628356933597,"orthographic":true}