{"cameraMode":{"drawMode":0,"name":"Shaded","section":"Shading Mode"},"sceneLighting":true,"audioPlay":false,"sceneViewState":{"showFog":true,"showMaterialUpdate":false,"showSkybox":true,"showFlares":true,"showImageEffects":true,"showParticleSystems":true},"in2DMode":false,"pivot":{"x":3.753662109375,"y":1.51025390625,"z":-0.52001953125},"rotation":{"x":0.2693357765674591,"y":-0.3985755145549774,"z":0.12368570268154144,"w":0.8679271936416626},"size":3.0394675731658937,"orthographic":true}