{"cameraMode":{"drawMode":0,"name":"Shaded","section":"Shading Mode"},"sceneLighting":false,"audioPlay":false,"sceneViewState":{"showFog":true,"showMaterialUpdate":false,"showSkybox":true,"showFlares":true,"showImageEffects":true,"showParticleSystems":true},"in2DMode":false,"pivot":{"x":2.682209014892578e-7,"y":0.015227854251861573,"z":1.9040486812591553},"rotation":{"x":-0.20274457335472108,"y":0.6838349103927612,"z":-0.2070477306842804,"w":-0.6696236729621887},"size":3.541468620300293,"orthographic":true}