{"cameraMode":{"drawMode":0,"name":"Shaded","section":"Shading Mode"},"sceneLighting":true,"audioPlay":false,"sceneViewState":{"showFog":true,"showMaterialUpdate":false,"showSkybox":true,"showFlares":true,"showImageEffects":true,"showParticleSystems":true},"in2DMode":false,"pivot":{"x":2.04345703125,"y":2.4765625,"z":7.7692108154296879},"rotation":{"x":0.4718270003795624,"y":-0.512917697429657,"z":0.4125736951828003,"w":0.5865814089775086},"size":25.936595916748048,"orthographic":true}